{"Arcee Virtuoso Large": [0.3385416666666667, 0.4375, 0.0, 0.047004631410587305, -0.10715424757924771, 0.02367272080711196, 0.11121261178665004, 1.0116230908864752, 0.0, 0.5095856736471882, 0.4375], "Baidu Ernie 4.5 21B A3B": [0.4375, 0.53125, 0.0, 0.04916404237944094, -0.07669649896651003, 0.009666145185947167, 0.15033769260746177, 1.0841338458851217, 0.0, 0.6894506565460939, 0.5625], "Claude 3.5 Haiku": [0.26666666666666666, 0.22812500000000002, 0.0, 0.027083333333333237, 0.05803030794436403, 0.0003125, 0.01727604166666667, 0.031153645833333337, 0.0, 0.14552380952380953, 0.16666666666666663], "Claude 3.5 Sonnet 20240620": [0.328125, 0.38541666666666663, 0.0, 0.06664947449866965, -0.1951262684508279, 0.04069591274055292, 0.12125821487333201, 1.0892878089068396, 0.0, 0.7247385271787176, 0.39583333333333337], "Claude Sonnet 4": [0.3854166666666667, 0.44791666666666663, 0.023809523809523808, 0.12332539558915112, -0.019071563650355075, 0.046277902542556294, 0.3678566414145217, 1.3559564527806882, 0.0, 0.49176641306520885, 0.41666666666666663], "DeepSeek R1": [0.3802083333333333, 0.15625, 0.0, 0.10338711155790514, -0.07723139944717149, 0.04033871505668691, 0.17629091447021694, 0.36982642374205316, 0.0, 0.43267242216370344, 0.36458333333333337], "DeepSeek V3": [0.3541666666666667, 0.48958333333333337, 0.11904761904761904, 0.01207145033656476, -0.016159890534437032, 0.03755203028336058, 0.28278567933555804, 1.1935406680475513, 0.0, 0.4951352846446596, 0.3125], "Gemini 2.0 flash": [0.32187499999999997, 0.23281249999999998, 0.016666666666666666, 0.01041666666666663, -0.04780359614637992, 0.008077749140893471, 0.02565104166666667, 0.03280431164089347, 0.0, 0.06292023809523811, 0.22916666666666663], "Gemini 2.5 Flash": [0.421875, 0.10416666666666663, 0.11904761904761904, 0.07499065974383201, 0.08680168952680815, 0.04114916760921198, 0.2719492611919267, 0.6772751697348246, 0.0, 0.3180777930532506, 0.625], "Gemini 2.5 Pro": [0.5260416666666666, 0.07291666666666663, 0.14285714285714285, 0.15151467200994906, -0.1530239636949391, 0.12105435813046796, 0.2136510977740745, 0.34297220136535883, 0.0, 0.3332418136826104, 0.90625], "Gemma 3 12b": [0.3411458333333333, 0.2421875, 0.004761904761904762, 0.018750000000000155, 0.02210324358737127, 0.0103125, 0.03260416666666666, 0.027239583333333334, 0.0, 0.05380952380952381, 0.25], "Gemma 3 27b": [0.3802083333333333, 0.27083333333333337, 0.19047619047619047, 0.0726493560466932, -0.09267767933660578, 0.10753709378998004, 0.5244362215543528, 0.7216629745032203, 0.0, 0.3911432539607663, 0.75], "Gpt 4.1": [0.4791666666666667, 0.47916666666666663, 0.16666666666666666, 0.12877299937807285, -0.049310812234612277, 0.04876633799671437, 0.5153851903623119, 0.8799532942941806, 0.0, 0.37230641861886643, 0.42708333333333337], "Gpt 4.1 mini": [0.26666666666666666, 0.2645833333333334, 0.0011904761904761906, 0.004166666666666763, 0.0031295672901013394, 0.0040625, 0.015633640552995393, 0.03955030721966206, 0.0, 0.06914761904761904, 0.26041666666666663], "Gpt 4o": [0.3802083333333333, 0.39583333333333337, 0.16666666666666666, 0.04964109930030636, 0.06594402089851627, 0.046853759760640656, 0.42428478880426557, 1.1120813162490542, 0.0, 0.341363021145095, 0.40625], "Gpt 4o Mini": [0.26979166666666665, 0.26822916666666663, 0.004761904761904762, 0.023958333333333415, 0.06497366360883927, 0.0030208333333333337, 0.012283172389127324, 0.03542900572246066, 0.0, 0.10383928571428569, 0.26041666666666663], "Gpt 5": [0.5, 1.0, 0.0, 1.0, 0.0, 0.0, 0.0, 0.0, 0.0, 0.0, 1.0], "Gpt 5 mini": [0.25833333333333336, 0.15052083333333321, 0.011904761904761904, 0.0010416666666666075, 0.058404327008228146, 0.0031250000000000006, 0.013541666666666665, 0.04358246100164204, 0.0, 0.10500000000000002, 0.109375], "Grok 3 Mini": [0.4791666666666667, 0.02083333333333337, 0.047619047619047616, 0.0009684147794993825, -0.15199789661986032, 0.12041624268015864, 0.15562357029013396, 1.6944313387758274, 0.0, 0.3634746629047679, 0.46875], "Grok 4": [0.5052083333333334, 0.03125, 0.0, 0.0056804798536349566, 0.013402209071217986, 0.16465198364842523, 0.26013491439319497, 1.1820687383919928, 0.0, 0.3488495522392286, 0.40625], "Inception Mercury": [0.4010416666666667, 0.5520833333333333, 0.023809523809523808, 0.09645399721219794, -0.08906823232625026, 0.022372066346401234, 0.03635354572917488, 1.6113348382344796, 0.0, 0.5026016642312372, 0.35416666666666663], "Kimi K2": [0.4739583333333333, 0.34375, 0.0, 0.176494312893539, 0.016309647805906515, 0.009957072896229715, 0.19237270672514883, 0.3874328000971001, 0.0, 0.30869880096591146, 0.375], "Llama 3.3 70b": [0.23125000000000004, 0.31666666666666676, 0.002380952380952381, 0.0031249999999999334, 0.10234200087161055, 0.01343467514124294, 0.01436175847457627, 0.06470656779661016, 0.21059523809523814, 0.08080476190476191, 0.34375], "Llama 4 Maverick": [0.4947916666666667, 0.5416666666666667, 0.07142857142857142, 0.007511366435978495, 0.050569778788599605, 0.1235535781386647, 0.054209243442861606, 1.2163860397237165, 0.028205963940700796, 0.24965228696668834, 0.4375], "Llama 4 Scout": [0.4427083333333333, 0.5625, 0.0, 0.01882247328077291, 0.019347994656012366, 0.10570671413904516, 0.07213382002852141, 0.9987871981397912, 0.14400865653910705, 0.08994064457437319, 0.35416666666666663], "MAI DS R1": [0.2791666666666667, 0.16041666666666676, 0.028571428571428574, 0.002083333333333326, 0.03567828750441555, 0.005937499999999999, 0.02333614864864865, 0.036385838963963975, 0.0, 0.06275238095238096, 0.20833333333333337], "Mistral Magistral Small 2506": [0.4427083333333333, 0.5833333333333333, 0.0, 0.34261721108708776, 0.03780094772356234, 0.0423438135031624, 0.0023674242424242425, 0.7000632181282548, 0.0, 0.3969256455899791, 0.5833333333333333], "Mistral Medium 3.1": [0.3958333333333333, 0.3125, 0.047619047619047616, 0.0014229246403155704, -0.04768918920777131, 0.08536381515913889, 0.2785757823021462, 0.7456306008282173, 0.0, 0.32021432310056946, 0.30208333333333337], "Mistral Small 3.2 24b": [0.3489583333333333, 0.36458333333333337, 0.023809523809523808, 0.030993406122064804, 4.625929306993853e-18, 0.09918842254336739, 0.19918866112643285, 1.2023635985774952, 0.0, 0.6530124597886312, 0.30208333333333337], "Phi-4 reasoning+": [0.4635416666666667, 0.5833333333333333, 0.047619047619047616, 0.0828907785761368, 0.05385264541953357, 0.07144509688538392, 0.028236711804636827, 1.1890733909710918, 0.0, 0.42794240278641316, 0.59375], "Qwen 3 235b A22B Instruct": [0.4010416666666667, 0.30208333333333337, 0.16666666666666666, 0.015503961424327195, 4.625929306993854e-18, 0.08755836786045994, 0.4537330724463075, 0.7766457088393394, 0.0, 0.16397400440334478, 0.29166666666666663], "Qwen 3 32b": [0.4322916666666667, 0.10416666666666663, 0.023809523809523808, 0.04409287849815746, 0.09829625280764043, 0.03723054731284311, 0.11386667711978575, 1.2592705124539854, 0.0, 0.39295490389696464, 0.35416666666666663], "TDR Anubis 70b v1.1": [0.4635416666666667, 0.59375, 0.16666666666666666, 0.06241842313965451, -0.10999765761402126, 0.04619222324216429, 0.2225503872215467, 1.5884406614328368, 0.0, 0.3991067267533372, 0.5208333333333333], "TDR Anubis Pro 105b v1": [0.4895833333333333, 0.78125, 0.0, 0.5061556448281745, -0.12768847962257035, 0.07799244994437833, 0.043564845690137015, 0.8226647054470199, 16.132708494653272, 0.05776769582291791, 0.6666666666666667], "Z-AI GLM 4.5": [0.359375, 0.11458333333333337, 0.0, 0.07959139842152585, -0.13910505046980837, 0.037931960006549845, 0.1560900392869157, 0.5177970494949763, 0.0, 0.4159006049949691, 0.4375], "Z-AI GLM 4.5 Air": [0.3541666666666667, 0.07291666666666663, 0.0, 0.006498470948012258, 0.05983270242659163, 0.04075042701886836, 0.1785722720457067, 0.56333526937203, 0.0, 0.4873314142167407, 0.3125]}