{"Arcee AI Spotlight": [0.203125, 0.23177083333333315, 0.004761904761904762, 0.014583333333333393, 0.09459783384497573, 0.001979166666666667, 0.008703124999999999, 0.03875260416666667, 0.0, 0.09071428571428572, 0.21354166666666663], "Arcee Virtuoso Large": [0.278125, 0.17656249999999984, 0.030952380952380953, 0.016666666666666607, 0.11030186243839872, 0.0031250000000000006, 0.011276041666666667, 0.057143251713564214, 0.0, 0.09000000000000001, 0.22916666666666663], "Baidu Ernie 4.5 21B A3B": [0.2583333333333333, 0.2182291666666667, 0.002380952380952381, 0.028125000000000067, 0.017863050958782677, 0.005208333333333333, 0.0153125, 0.02604166666666667, 0.0, 0.07571428571428572, 0.1875], "Baidu: ERNIE 4.5 300B A47B": [0.23854166666666665, 0.2197916666666666, 0.025, 0.011458333333333237, -0.019169492161694227, 0.0038541666666666668, 0.014739583333333334, 0.025598958333333335, 0.0, 0.05669642857142857, 0.17708333333333337], "Claude 3.5 Sonnet 20240620": [0.2552083333333333, 0.2567708333333334, 0.0, 0.1020833333333333, 0.1258828867540761, 0.002395833333333333, 0.010104166666666666, 0.0600692246835443, 0.0, 0.08464285714285713, 0.27083333333333337], "Claude Sonnet 4": [0.27187500000000003, 0.20468750000000002, 0.01904761904761905, 0.0010416666666666075, 0.04636480592086396, 0.006145833333333333, 0.022476976246105923, 0.03618791374610592, 0.0, 0.1086047619047619, 0.23958333333333337], "DeepSeek R1": [0.3380208333333334, 0.17604166666666654, 0.011904761904761904, 0.0010416666666666075, 0.020189111434807536, 0.011854166666666666, 0.04391842720831483, 0.033700161704438854, 0.0, 0.07214285714285713, 0.17708333333333337], "DeepSeek V3": [0.35520833333333335, 0.2192708333333333, 0.038095238095238106, 0.011458333333333237, 0.048986811755450055, 0.008333333333333333, 0.023645833333333328, 0.02760416666666667, 0.0, 0.059761904761904766, 0.1875], "Gemini 2.5 Flash": [0.3692708333333334, 0.20520833333333333, 0.02619047619047619, 0.0031249999999999334, 0.045411349117590226, 0.010729166666666666, 0.03692708333333333, 0.027083333333333338, 0.0, 0.07904761904761906, 0.21875], "Gemini 2.5 Flash Lite": [0.3333333333333333, 0.2723958333333334, 0.02619047619047619, 0.04375000000000007, 0.0208966086354534, 0.010454282407407409, 0.03464699074074074, 0.04459490740740741, 0.0, 0.04595238095238095, 0.29999999999999993], "Gemini 2.5 Pro": [0.5187499999999999, 0.2505208333333333, 0.11904761904761904, 0.002083333333333326, 0.15686815291253642, 0.018020833333333333, 0.042409985152190056, 0.026344538789903487, 0.0, 0.05714285714285714, 0.28125], "Gemma 3 27b": [0.3609375000000001, 0.23281249999999998, 0.08690476190476189, 0.00520833333333337, 0.1468921555662413, 0.012520833333333333, 0.035182291666666664, 0.022388020833333338, 0.0, 0.041190476190476194, 0.203125], "Gpt 3.5 Turbo": [0.253125, 0.2572916666666666, 0.0, 0.004166666666666763, 0.03026442545272771, 0.0022968750000000003, 0.009, 0.022645833333333334, 0.0, 0.08340476190476191, 0.25], "Gpt 4.1": [0.32708333333333334, 0.24427083333333321, 0.002380952380952381, 0.023065476190476275, 0.07189969810756584, 0.007604166666666666, 0.01901041666666667, 0.041529017857142865, 0.0, 0.11622023809523808, 0.296875], "Gpt 4o": [0.296875, 0.22604166666666659, 0.04285714285714286, 0.0031249999999999334, 0.028134618014104714, 0.009166666666666668, 0.020677083333333336, 0.03591145833333333, 0.0, 0.06833333333333333, 0.21875], "Gpt 5": [0.0, 1.0, 0.05952380952380952, 1.0, 0.0, 0.0, 0.0, 0.0, 0.35714285714285715, 0.0, 1.0], "Gpt 5 Nano": [0.2515625, 0.17604166666666676, 0.0071428571428571435, 0.002083333333333326, -0.02080785856387177, 0.00125, 0.013854166666666667, 0.035520833333333335, 0.0, 0.09214285714285715, 0.15625], "Grok 3 Mini": [0.3697916666666667, 0.18229166666666685, 0.01904761904761905, 0.0, 0.09019646920099139, 0.017499999999999998, 0.026825002085418756, 0.07107607607607608, 0.0, 0.08785714285714286, 0.16979166666666667], "Grok 4": [0.4567708333333333, 0.22083333333333355, 0.09999999999999998, 0.004166666666666763, 0.11431439232895776, 0.025748851972121053, 0.0387794474154208, 0.12404151751953064, 0.0, 0.1079768408797526, 0.2729166666666667], "Hunyuan A13B Instruct": [0.2854166666666667, 0.20104166666666679, 0.047619047619047616, 0.0031250000000001554, 0.0646801125239039, 0.007916666666666667, 0.021666666666666664, 0.036458333333333336, 0.0, 0.06523809523809523, 0.19270833333333337], "Inception Mercury": [0.22916666666666666, 0.20052083333333337, 0.015476190476190473, 0.029166666666666674, 0.08075897085528677, 0.0017708333333333335, 0.009270833333333334, 0.04260416666666667, 0.0, 0.06250238095238095, 0.1875], "Kimi K2": [0.27395833333333336, 0.16718749999999993, 0.005952380952380952, 0.0010416666666666075, 0.10951240627290242, 0.0022916666666666667, 0.022510416666666668, 0.03909518678160919, 0.0, 0.08754761904761904, 0.19791666666666663], "Liquid LFM 40B MoE": [0.21458333333333335, 0.23802083333333324, 0.011904761904761904, 0.04062500000000002, 0.10461464710852311, 0.0013541666666666667, 0.01121542940320233, 0.047142857142857146, 0.0, 0.08499999999999999, 0.24479166666666663], "Llama 3.1 8B Instruct": [0.16249999999999998, 0.4390625, 0.0, 0.171875, 0.00769139752973693, 0.013979885057471263, 0.007479166666666666, 0.0271566091954023, 0.30785793650793647, 0.10911031746031745, 0.45833333333333337], "Llama 4 Maverick": [0.225, 0.2520833333333332, 0.009523809523809525, 0.02604166666666663, 0.044965743360331115, 0.006322916666666667, 0.007197916666666668, 0.1109806884430727, 0.0, 0.0780952380952381, 0.21354166666666663], "Llama 4 Scout": [0.21510416666666665, 0.1942708333333334, 0.002380952380952381, 0.004166666666666763, 0.1622771902508924, 0.006329166666666667, 0.008548958333333334, 0.025176041666666673, 0.0, 0.08484285714285715, 0.26041666666666663], "Mistral Magistral Small 2506": [0.2192708333333333, 0.4630208333333333, 0.02619047619047619, 0.3291666666666666, 0.03601395950830809, 0.00121875, 0.004947916666666667, 0.025093749999999998, 0.05619047619047618, 0.06404761904761905, 0.453125], "Mistral Medium 3.1": [0.3333333333333333, 0.2182291666666667, 0.047619047619047616, 0.0010416666666666075, 0.011754677353839978, 0.009062500000000001, 0.03109375, 0.023645833333333335, 0.0, 0.056190476190476187, 0.19270833333333337], "Mistral Small 3.2 24b": [0.23229166666666667, 0.25625, 0.0, 0.00520833333333337, 0.13461584578879562, 0.005625000000000001, 0.015911458333333333, 0.029244791666666672, 0.0, 0.07507857142857143, 0.21875], "Phi-4 reasoning+": [0.1953125, 0.17500000000000016, 0.021428571428571425, 0.011458333333333237, -0.01258744451148651, 0.0034375, 0.006666666666666668, 0.04494791666666667, 0.0, 0.07387142857142856, 0.16041666666666676], "Qwen 3 235b A22B Instruct": [0.3046875, 0.19687500000000002, 0.02619047619047619, 0.0031250000000001554, 0.016350339517414294, 0.00935, 0.024258333333333337, 0.021302083333333333, 0.0, 0.06261904761904762, 0.1875], "Qwen 3 32b": [0.3151041666666667, 0.19374999999999998, 0.06904761904761905, 0.0031249999999999334, 0.026709661493927908, 0.008645833333333333, 0.024166666666666666, 0.038125, 0.0, 0.08238095238095239, 0.15625], "TDR Anubis 70b v1.1": [0.4401041666666667, 0.3828125, 0.37142857142857144, 0.038541666666666585, 0.09335793705716999, 0.0062187499999999995, 0.0189375, 0.013333333333333336, 0.0, 0.07595238095238094, 0.36458333333333337], "TDR Anubis Pro 105b v1": [0.19583333333333333, 0.6416666666666666, 0.0, 0.5114583333333333, -0.0034226243072576286, 0.0026302083333333334, 0.004283854166666667, 0.011588541666666667, 0.840952380952381, 0.016904761904761905, 0.6354166666666667], "Z-AI GLM 4.5": [0.3177083333333333, 0.20052083333333337, 0.0773809523809524, 0.04270833333333324, 0.05611209335424271, 0.009714350343829172, 0.04036062015066138, 0.03165228681732804, 0.0, 0.0838095238095238, 0.20833333333333337],