{"Claude 3.5 Haiku": [0.26666666666666666, 0.22812500000000002, 0.0, 0.027083333333333237, 0.05803030794436403, 0.0003125, 0.01727604166666667, 0.031153645833333337, 0.0, 0.14552380952380953, 0.16666666666666663], "Gemini 2.0 flash": [0.32187499999999997, 0.23281249999999998, 0.016666666666666666, 0.01041666666666663, -0.04780359614637992, 0.008077749140893471, 0.02565104166666667, 0.03280431164089347, 0.0, 0.06292023809523811, 0.22916666666666663], "Gemma 3 12b": [0.3411458333333333, 0.2421875, 0.004761904761904762, 0.018750000000000155, 0.02210324358737127, 0.0103125, 0.03260416666666666, 0.027239583333333334, 0.0, 0.05380952380952381, 0.25], "Gpt 4.1": [0.3354166666666667, 0.25416666666666676, 0.02142857142857143, 0.02083333333333337, 0.0791992079176273, 0.0074375, 0.020578125, 0.024375000000000004, 0.0, 0.08357142857142856, 0.28125], "Gpt 4.1 mini": [0.26666666666666666, 0.2645833333333334, 0.0011904761904761906, 0.004166666666666763, 0.0031295672901013394, 0.0040625, 0.015633640552995393, 0.03955030721966206, 0.0, 0.06914761904761904, 0.26041666666666663], "Gpt 4o Mini": [0.26979166666666665, 0.26822916666666663, 0.004761904761904762, 0.023958333333333415, 0.06497366360883927, 0.0030208333333333337, 0.012283172389127324, 0.03542900572246066, 0.0, 0.10383928571428569, 0.26041666666666663], "Gpt 5": [0.2911458333333334, 0.1958333333333333, 0.03333333333333334, 0.00520833333333337, 0.060276520503356544, 0.0033333333333333335, 0.027708333333333335, 0.031041666666666665, 0.0, 0.08738095238095238, 0.1791666666666667], "Gpt 5 mini": [0.25833333333333336, 0.15052083333333321, 0.011904761904761904, 0.0010416666666666075, 0.058404327008228146, 0.0031250000000000006, 0.013541666666666665, 0.04358246100164204, 0.0, 0.10500000000000002, 0.109375], "Llama 3.3 70b": [0.23125000000000004, 0.31666666666666676, 0.002380952380952381, 0.0031249999999999334, 0.10234200087161055, 0.01343467514124294, 0.01436175847457627, 0.06470656779661016, 0.21059523809523814, 0.08080476190476191, 0.34375], "MAI DS R1": [0.2791666666666667, 0.16041666666666676, 0.028571428571428574, 0.002083333333333326, 0.03567828750441555, 0.005937499999999999, 0.02333614864864865, 0.036385838963963975, 0.0, 0.06275238095238096, 0.20833333333333337]}