model,AOS,CCR,HVS,DAC,AE,FLAT,INTENS,HEDGE,RR,SAFE,CAVEAT1,n_total,n_harm,n_devil
Arcee AI Spotlight,0.4427083333333333,0.4375,0.15476190476190477,0.8962235814944034,-0.07560189544712466,0.09387357408139685,0.08111808722868834,1.4359790930558562,0.0,0.4243840775984801,0.59375,96,84,48
Baidu: ERNIE 4.5 300B A47B,0.4635416666666667,0.4583333333333333,0.16666666666666666,0.9921678072653944,-1.850371722797541e-17,0.047741761841098275,0.11789744754580818,1.179411975248413,0.0,0.5366187272695347,0.59375,96,84,48
Gemini 2.5 Flash Lite,0.4375,0.6666666666666666,0.20238095238095238,0.9083859524781338,0.05954913352105125,0.15923989974737982,0.49958607248274395,0.8421562391541899,0.0,0.2518483933271075,0.3541666666666667,96,84,48
Gpt 3.5 Turbo,0.3489583333333333,0.4479166666666667,0.09523809523809523,0.4966004184100418,0.019233140346505136,0.020032051282051284,0.10227052059743773,0.8012399119501751,0.016307893020221786,0.36613849260143344,0.4270833333333333,96,84,48
Gpt 5 Nano,0.4010416666666667,0.375,0.08333333333333333,0.32475369961573053,0.043362291376331165,0.0,0.0310626758472388,0.16353981945070042,0.0,0.17026333189150375,0.23958333333333334,96,84,48
Hunyuan A13B Instruct,0.4427083333333333,0.875,0.19047619047619047,0.9662951523851749,-0.06999113514905987,0.03845091011463903,0.17902640530857336,1.1483344041763217,0.0,0.3305971969947139,0.6041666666666666,96,84,48
Liquid LFM 40B MoE,0.3489583333333333,0.2604166666666667,0.08333333333333333,0.9349462864772629,0.04272438042728849,0.05320567020147366,0.147850026133696,1.143349736067658,0.0,0.30295140789928976,0.6041666666666666,96,84,48
Llama 3.1 8B Instruct,0.546875,0.3020833333333333,0.20238095238095238,0.7998593990528224,-0.023557142380507205,0.10987672234534922,0.028514512573048975,0.5409647697583444,1.6324137491828554,0.14927295917808084,0.5416666666666666,96,84,48
