Model Key,Judge Model,Temperature,Max Tokens,Overall Accuracy,Total Samples,Evaluated Samples,Coverage,Evaluation Time,Currency,Total Cost (USD),Avg Cost / Response (USD),Total Tokens,Avg Tokens / Response,Cost per 1k Tokens (USD),Total Prompt Tokens,Total Completion Tokens,Total Request Units,Acc_Baidu: ERNIE 4.5 300B A47B,Acc_Liquid LFM 40B MoE,Acc_Gpt 5 Nano,Acc_Llama 3.1 8B Instruct,Acc_Hunyuan A13B Instruct,Acc_Arcee AI Spotlight,Acc_Gemini 2.5 Flash Lite
deepseek-v3.1,deepseek/deepseek-chat-v3.1,0.6,1000,0.9142857142857143,140,140,1.0,20250828_001709,,0.08291721999999999,0.000592265857142857,185706.0,1326.4714285714285,0.0004464972591084833,154167.0,31539.0,,1.0,0.9473684210526315,0.9090909090909091,0.88,0.6,0.9285714285714286,0.95
hermes-4-405b,nousresearch/hermes-4-405b,0.4,1000,0.9,140,140,1.0,20250827_220151,,0.0669947801564,0.0004785341439742857,187770.0,1341.2142857142858,0.00035679171409916383,151830.0,35940.0,,0.9629629629629629,0.8421052631578947,0.8181818181818182,0.96,0.7,0.8928571428571429,0.95
kimi-k2,moonshotai/kimi-k2,0.67,1000,0.8785714285714286,140,140,1.0,20250827_211924,,0.092677365344,0.0006619811810285714,183861.0,1313.2928571428572,0.0005040621194489315,152920.0,30941.0,,1.0,0.8947368421052632,0.8181818181818182,0.76,0.6,0.9642857142857143,0.9
Qwen3-235B-A22B-Instruct-2507,qwen/qwen3-235b-a22b-2507,0.6,1000,0.8913043478260869,138,138,1.0,20250827_231043,,0.14408759999999998,0.0010441130434782606,194802.0,1411.608695652174,0.0007396618104536914,149458.0,45344.0,,0.9259259259259259,0.8888888888888888,0.6363636363636364,0.96,0.6,1.0,0.9
